SL NO, NAME,GENDER,,,,,
1,JOSEPH,Male,,,,,
2,JOSEPH JAROSLAV,Male,,,,,
3,MONICA CHRISTINA,Female,,,,,
4,TAMARA MARIA,Female,,,,,
5,KENNETH MARTIN,Male,,,,,
6,CYRIL THOMAS,Male,,,,,
7,ALUDIA,Female,,,,,
8,JULIO,Male,,,,,
9,JOHN KELVIN,Male,,,,,
10,ANTHONY JOSEPH,Male,,,,,
11,MARIALINA IVETH,Female,,,,,
12,PATRICIA FRANCESCA,Female,,,,,
13,LARS JOHAN,Male,,,,,
14,VIBEKE MARIANNE,Female,,,,,
15,ANNA MARIA,Female,,,,,
16,MARIA LORENZA,Female,,,,,
17,COLLEEN MARGARET,Female,,,,,
18,CLARE CATHERINE,Female,,,,,
19,CARMEL ELIZABETH,Female,,,,,
20,MAUREEN THERESA,Female,,,,,
21,ANTONIO,Male,,,,,
22,ELIZABETH BRONWYN,Female,,,,,
23,ANNA,Female,,,,,
24,EUFEMIA,Female,,,,,
25,DENIS KEITH,Male,,,,,
26,ANNA RIETA,Female,,,,,
27,KLARIKA,Female,,,,,
28,MARIA TERESA ARRASTIA,Female,,,,,
29,JOHN THOMAS,Male,,,,,
30,SAMIR,Male,,,,,
31,PHOEBE LOUELLA ,Female,,,,,
32,THOMAS,Male,,,,,
33,ROJIN,Male,,,,,
